id,full_name,doc,created_at
1,Sr. Ravi Pereira,360.821.745-26,2025-08-08T19:42:33.398806
2,Alexia Lima,756.421.089-30,2025-01-18T12:29:21.298907
3,Maria Eduarda Lopes,476.350.829-65,2025-06-07T14:34:47.534746
4,Thomas da Costa,348.756.120-44,2024-05-09T22:09:08.774992
5,Sr. Antônio Rodrigues,275.409.861-58,2025-06-11T11:26:15.825750
6,Maria Cecília Porto,916.254.803-42,2024-02-06T13:31:50.752215
7,Melina Castro,614.973.285-19,2025-08-24T01:51:57.739876
8,Sra. Alana da Cunha,749.018.632-31,2024-09-13T15:56:56.293760
9,Dr. João Felipe Pinto,647.523.018-90,2024-05-08T10:26:24.105802
10,Dr. Ian Melo,309.742.168-87,2024-09-26T19:30:56.557780
11,Ana Júlia Pacheco,842.739.510-88,2024-09-12T23:26:49.633597
12,Valentina Moreira,514.372.609-34,2024-04-03T05:31:39.071705
13,Lorenzo Gomes,578.916.304-10,2024-06-21T10:06:31.146255
14,Pietra Peixoto,096.824.351-70,2024-04-03T23:36:19.273771
15,Srta. Cecilia Cassiano,201.894.753-23,2025-01-20T08:10:21.525715
16,Aurora Brito,168.902.543-33,2025-03-19T19:33:11.897773
17,Yuri Rios,279.105.864-85,2025-02-13T01:38:17.578548
18,Bryan Cunha,694.157.028-85,2025-05-14T05:37:18.727986
19,João Costa,875.216.034-35,2024-12-18T11:27:36.255374
20,Pietra Vargas,162.830.497-96,2024-06-06T06:05:47.834056
21,Joaquim Abreu,523.960.487-83,2025-01-30T11:19:36.092924
22,Catarina Pacheco,328.407.561-53,2025-03-26T21:59:42.725639
23,Ana Carolina Barbosa,421.853.769-00,2025-09-16T07:32:37.710008
24,Cecília Cirino,495.732.601-07,2025-06-16T10:14:24.280627
25,Pietra Macedo,872.634.910-87,2024-05-06T05:11:07.631817
26,Sr. João Vitor Guerra,589.674.321-19,2024-02-08T01:58:10.667318
27,Alexia da Rocha,734.102.569-70,2025-10-30T07:00:16.362453
28,Sra. Gabrielly Siqueira,428.573.619-55,2025-08-26T00:56:06.097158
29,Yan da Rosa,103.765.429-34,2025-08-13T07:02:03.274084
30,Mariah Novais,253.960.741-16,2025-06-21T02:15:33.653786
31,Maria Helena Sales,543.781.962-55,2025-04-07T12:54:49.236188
32,Diego Farias,620.147.938-40,2025-07-03T21:00:01.332110
33,Aurora Brito,762.450.139-25,2025-01-11T23:17:05.695747
34,Sr. José Cassiano,167.309.285-30,2024-02-28T23:24:56.600821
35,Marcela Costela,835.061.249-51,2025-05-28T15:19:34.784483
36,Manuela Almeida,284.197.536-37,2025-07-17T23:38:34.266104
37,Luigi da Conceição,751.089.624-01,2023-12-11T18:59:32.184104
38,Davi Luiz Costa,649.380.175-39,2024-12-20T12:24:35.442359
39,Emanuel Jesus,086.327.945-74,2024-09-18T13:50:28.106656
40,Maya Almeida,634.872.910-96,2025-02-20T19:29:32.577363
41,Arthur Miguel Garcia,329.708.465-00,2024-04-27T16:32:06.393839
42,Marina Marques,580.429.673-65,2024-09-22T03:01:57.217008
43,Antony Monteiro,692.435.807-10,2025-05-11T20:59:54.021031
44,Yasmin Novais,918.234.067-69,2024-04-16T19:16:52.184900
45,Yuri Camargo,759.340.182-05,2024-06-19T04:03:38.530763
46,Pietro Cirino,061.723.589-95,2024-06-09T04:52:04.908220
47,Lucas Gabriel Rodrigues,790.813.245-60,2025-05-26T21:57:44.699732
48,Marina Albuquerque,027.614.398-13,2024-04-05T12:44:15.044930
49,Bruna Teixeira,612.038.759-59,2025-07-29T20:19:36.398538
50,Dr. Ravi Lucca da Mota,259.436.108-98,2024-09-24T07:17:46.461750
51,Sra. Stephany Cassiano,584.271.693-37,2024-10-02T04:15:50.164477
52,Breno Almeida,352.187.640-35,2025-02-02T00:36:53.421093
53,Diogo Vargas,139.740.265-25,2023-12-16T01:30:29.748300
54,Benicio das Neves,734.165.092-34,2025-02-20T10:08:48.993369
55,Theodoro Lima,741.628.593-37,2025-03-18T06:45:10.858100
56,Ana Vitória Freitas,041.579.623-70,2024-02-09T03:04:13.694098
57,Antonella Marques,983.052.471-04,2024-03-05T14:46:07.996329
58,Luiz Miguel Novaes,946.178.203-96,2024-06-25T00:54:59.925099
59,Sofia Aragão,936.501.728-95,2025-06-19T10:52:51.494494
60,Théo Costela,039.468.217-31,2024-05-30T11:55:45.433075
61,Evelyn Leão,890.235.614-06,2025-01-06T01:44:48.518780
62,Zoe da Rocha,981.527.630-12,2025-07-30T10:03:28.707374
63,Camila Souza,782.354.190-41,2024-01-22T01:13:24.989105
64,Cauê Pimenta,503.217.496-34,2025-05-28T11:49:55.652194
65,Ana Laura Rodrigues,708.352.691-59,2024-01-28T09:57:33.924295
66,Alice Pires,916.240.837-22,2025-09-24T12:16:28.001501
67,Ryan Martins,246.097.518-01,2024-09-06T04:53:27.074912
68,Emilly Pacheco,190.273.856-02,2025-07-25T05:21:20.232571
69,Cecilia Teixeira,807.249.635-29,2025-02-07T06:36:34.561900
70,Pietro da Rocha,175.694.380-00,2024-02-11T07:59:16.334784
71,Dra. Sabrina Azevedo,241.068.735-08,2024-09-12T05:13:52.248063
72,Francisco Macedo,092.168.534-33,2025-09-30T06:33:05.045592
73,Lucca Casa Grande,053.712.486-17,2025-06-13T02:49:39.734261
74,Kamilly Lopes,924.531.076-07,2025-05-01T19:03:55.077331
75,Nicolas da Mata,567.234.918-82,2024-12-10T15:43:00.329175
76,Liz Vargas,185.370.469-57,2024-10-20T09:34:02.783159
77,Sr. Davi Barros,496.203.175-99,2025-02-08T06:58:05.739383
78,Júlia Aragão,150.869.274-20,2025-04-28T13:09:33.981845
79,Calebe Dias,028.196.375-40,2024-11-08T02:19:05.412762
80,Dra. Melina Silveira,694.832.057-00,2025-07-17T06:11:30.881168
81,Letícia Gomes,963.801.247-13,2024-02-09T12:06:16.634335
82,Enzo Pastor,379.456.081-75,2024-12-16T06:28:22.403102
83,Luna Vieira,754.839.102-14,2024-12-20T09:19:11.325103
84,Lorenzo Campos,938.017.625-21,2024-04-15T14:13:33.830378
85,Theodoro Cirino,360.185.749-93,2024-11-23T04:42:52.048439
86,Letícia Santos,908.674.135-57,2025-10-14T12:25:50.819040
87,Vicente Borges,124.798.360-96,2025-10-18T18:35:38.655162
88,Dra. Kamilly Mendonça,104.692.753-16,2025-06-24T10:55:09.659776
89,Sophie Porto,958.134.672-46,2025-10-08T16:23:26.181519
90,Igor Santos,079.852.416-20,2024-06-03T12:21:50.915143
91,Maria Isis Câmara,451.987.620-67,2024-07-04T11:11:04.851640
92,Breno Rios,643.098.712-40,2024-05-31T17:54:24.478649
93,Dra. Ana Sophia das Neves,926.180.735-68,2025-07-10T14:39:33.710226
94,Sra. Maya Siqueira,572.830.916-02,2024-04-03T23:07:50.855634
95,Srta. Maria Sá,384.152.679-91,2024-05-06T04:57:57.048169
96,Sra. Sabrina Porto,074.596.321-80,2025-03-31T00:42:54.173902
97,Esther Nascimento,520.764.381-90,2024-08-04T22:52:30.144533
98,Caroline Melo,279.154.803-32,2025-09-15T20:26:19.071702
99,Stella Barbosa,104.938.265-05,2025-01-15T05:58:07.476748
100,Antônio Costela,439.017.685-48,2024-11-16T06:08:14.267508
101,Bento Peixoto,079.618.325-21,2024-03-13T13:36:18.125327
102,Emanuelly Moraes,089.625.713-40,2024-01-23T02:23:48.876571
103,Cauã Casa Grande,649.218.537-46,2024-09-01T17:57:21.249958
104,Caio Vasconcelos,179.362.504-25,2024-01-06T12:57:21.874485
105,Sofia Rezende,819.362.504-89,2025-10-30T23:28:26.602169
106,Helena Montenegro,078.345.216-08,2024-03-29T18:51:26.041319
107,Alice da Cunha,217.839.504-04,2023-12-16T17:41:28.612850
108,Laís Guerra,395.846.271-55,2024-09-08T23:37:51.371730
109,Manuella Lopes,297.408.513-04,2025-11-14T19:05:53.009502
110,Heitor Mendes,781.543.906-39,2024-01-13T17:41:40.604513
111,Lorenzo da Rocha,915.478.632-00,2025-04-09T04:28:11.142584
112,Hadassa Casa Grande,318.672.594-19,2025-06-28T01:17:46.991503
113,Dr. Dom Gomes,547.180.629-85,2025-08-07T23:52:01.129452
114,Lunna da Costa,972.386.015-59,2024-10-12T23:54:03.583528
115,Laura da Paz,054.628.937-10,2025-03-31T10:40:45.902150
116,Melina Mendes,175.963.824-28,2024-11-14T09:06:38.640635
117,Manuella Almeida,456.932.087-29,2024-04-21T13:14:54.690440
118,Srta. Emanuelly Almeida,703.469.825-29,2024-06-22T00:54:55.665681
119,Vinicius Alves,720.683.954-10,2025-04-19T06:53:15.198316
120,Júlia Caldeira,687.042.153-62,2025-04-11T01:20:06.491709
121,Liam Sampaio,971.420.536-07,2024-03-18T15:19:55.673091
122,Maria Helena da Luz,743.205.196-80,2024-12-25T02:06:12.421475
123,Luísa Araújo,986.470.135-57,2024-08-23T21:35:40.508994
124,Isabella Porto,591.648.072-58,2024-09-06T08:08:47.894171
125,Cauê Melo,846.973.215-37,2025-11-12T18:34:23.409522
126,Théo Fernandes,482.170.569-94,2025-02-06T23:25:54.259186
127,Brayan da Luz,259.013.867-95,2025-01-25T10:59:54.557714
128,Lorenzo Vasconcelos,159.324.806-70,2025-01-26T11:39:15.191487
129,André Melo,275.634.809-00,2024-06-11T20:20:26.431533
130,Pietra Siqueira,469.738.012-69,2024-01-30T22:00:56.272406
131,Gael Henrique Peixoto,657.492.138-46,2025-08-18T15:08:34.633000
132,Emanuel Carvalho,028.349.617-78,2024-02-01T07:01:39.815175
133,Isabela Novais,024.386.195-89,2025-11-24T05:55:34.228176
134,Sabrina Duarte,164.029.578-01,2025-05-28T12:33:27.895330
135,Alana Borges,421.958.607-58,2024-03-22T10:39:11.932857
136,Lucas Gabriel Gonçalves,843.196.750-10,2024-07-06T04:00:35.369659
137,Melissa Duarte,154.269.308-05,2025-10-11T20:47:33.291913
138,Liam Ribeiro,790.352.864-56,2024-05-22T03:14:36.505253
139,Emanuel Teixeira,802.365.497-74,2025-05-10T09:00:01.067036
140,Lorena Fonseca,574.201.963-70,2024-11-02T13:42:34.535835
141,Miguel Pimenta,548.167.092-58,2025-01-28T09:26:36.147846
142,Bella Rocha,370.195.286-86,2025-09-30T01:18:18.005584
143,Vinicius Sousa,876.954.013-66,2025-01-13T08:13:03.830992
144,Beatriz das Neves,438.692.705-00,2024-06-10T10:15:56.659482
145,Dr. Caio Pinto,578.360.192-68,2025-02-05T13:40:09.522312
146,Dr. Pedro Henrique Nascimento,952.748.036-10,2024-05-27T07:23:20.348265
147,Otávio Nascimento,815.267.490-76,2025-10-04T06:36:09.669944
148,Dr. Pedro Miguel Vieira,105.382.476-90,2024-03-13T12:27:48.319715
149,Mateus Teixeira,490.215.673-34,2025-02-19T18:29:38.603853
150,Dr. André Abreu,517.043.296-80,2025-10-24T04:40:51.404274
151,Bento Oliveira,647.105.983-39,2023-12-08T09:26:40.617004
152,Kamilly Brito,524.138.096-51,2025-06-29T06:12:15.465281
153,Marina Novais,314.287.560-35,2024-12-17T01:12:42.437205
154,Srta. Emilly Ramos,846.013.729-50,2025-10-23T16:40:33.003934
155,Kamilly Freitas,417.096.253-25,2024-07-31T01:05:01.918967
156,Kamilly Costa,069.834.527-47,2023-12-21T22:02:36.477581
157,Gabrielly Gonçalves,143.879.560-20,2025-03-09T07:16:51.662374
158,Pietra Albuquerque,760.983.152-21,2024-03-03T18:56:27.653171
159,Anthony Dias,297.150.683-59,2024-04-10T15:21:24.664519
160,Davi Monteiro,152.864.703-35,2024-07-26T18:24:49.204293
161,Liam Sá,903.586.417-48,2024-04-22T18:25:53.032933
162,Jade Cardoso,976.408.135-57,2025-06-04T22:11:13.683228
163,Bryan Barbosa,208.316.794-50,2024-04-13T12:14:19.247333
164,Zoe Mendonça,754.936.208-47,2024-01-29T21:51:46.693158
165,Yan Nascimento,615.302.948-51,2025-03-05T13:20:15.361842
166,Mathias Borges,319.564.870-93,2023-11-30T09:00:11.246022
167,Ana Carolina Borges,308.659.742-92,2024-08-15T05:19:24.649319
168,Maria Isis Dias,587.492.160-58,2024-01-18T09:40:43.700472
169,Lorena Moraes,014.962.587-11,2025-09-17T19:13:10.392139
170,Dr. Bruno Machado,059.236.841-60,2024-12-26T22:31:55.753546
171,Eloah Silveira,736.240.189-22,2024-11-25T06:16:32.507394
172,Theo Mendonça,684.703.251-08,2025-02-25T00:50:50.755284
173,Bento Castro,348.079.521-88,2024-08-25T06:15:46.044122
174,Olívia Vasconcelos,537.841.296-09,2023-12-09T00:13:57.842674
175,Oliver da Luz,705.849.362-65,2025-03-13T10:26:33.877807
176,Yan Borges,324.910.678-03,2024-11-03T12:44:30.657442
177,João Guilherme da Cruz,183.479.506-01,2024-07-18T11:47:00.561870
178,Lívia da Cunha,982.357.610-68,2024-05-11T01:13:17.177725
179,Maria Vitória Pinto,742.869.531-73,2025-08-14T07:22:18.801407
180,Sr. Vitor Siqueira,859.267.134-55,2025-07-04T16:03:19.717791
181,Benjamim Fernandes,798.143.520-04,2024-06-17T14:19:07.227400
182,Henry Pereira,461.580.923-98,2025-06-15T16:37:07.836402
183,Luigi Melo,210.745.963-07,2024-08-19T15:24:11.414064
184,Luigi da Cunha,395.482.017-04,2025-10-04T14:10:38.892933
185,Kamilly Monteiro,572.981.640-58,2025-06-16T06:41:27.614399
186,Aylla Rios,437.501.826-71,2024-09-21T20:37:39.354287
187,Isabela Andrade,510.348.627-07,2024-06-22T18:39:52.265500
188,Danilo Rodrigues,879.634.215-37,2025-11-13T10:53:04.540126
189,Antônio Novaes,428.903.576-00,2024-06-28T13:33:39.864734
190,Yago Pacheco,871.304.956-93,2024-10-13T23:18:50.040319
191,Jade Rezende,547.963.120-99,2024-12-16T05:28:05.726342
192,Alexandre Rezende,274.581.069-30,2024-06-25T23:29:24.994200
193,Júlia Ferreira,164.958.032-06,2025-09-11T14:25:30.313518
194,Asafe Borges,741.382.509-05,2025-08-18T15:27:09.258377
195,Raul Correia,429.315.067-61,2024-01-27T16:30:05.700504
196,Sr. Ravi da Rosa,987.520.134-05,2024-02-04T06:53:09.791410
197,Daniel Vargas,321.970.546-43,2024-10-11T15:46:17.553917
198,Otávio Moura,803.429.516-70,2025-04-29T05:55:25.069876
199,Dra. Marina das Neves,920.548.371-05,2024-11-17T03:21:02.966048
200,Ravy Dias,423.165.087-07,2023-12-21T00:01:38.653606
201,Nicolas Guerra,681.749.530-00,2024-04-16T05:27:56.312869
202,Danilo Machado,817.265.439-19,2024-11-27T21:00:32.502174
203,Maria Cecília Barbosa,701.856.923-03,2024-08-02T02:04:24.071795
204,Bianca Oliveira,137.256.498-55,2025-01-14T10:27:31.706965
205,Ravi Lucca Fogaça,465.780.213-53,2024-10-28T19:42:58.822026
206,Léo Cirino,286.719.305-21,2025-05-01T08:25:51.979834
207,Luiz Gustavo Vargas,807.695.134-84,2024-10-18T12:56:23.854701
208,Sara Melo,605.912.437-25,2024-12-24T14:35:29.860348
209,José Pedro Duarte,164.825.709-76,2024-09-15T11:25:04.256948
210,Luiz Gustavo Mendes,145.273.089-04,2025-09-26T02:13:23.411728
211,Larissa Silveira,791.052.368-86,2024-09-02T22:04:40.886089
212,Matteo Rodrigues,856.793.241-64,2025-06-25T19:59:18.574165
213,Ian Cirino,945.102.783-14,2025-11-04T13:48:46.552801
214,Sra. Ana Beatriz da Luz,243.761.950-06,2024-10-11T22:09:39.429096
215,Isabel da Mata,327.469.508-47,2025-09-18T05:26:57.172431
216,Fernando Sá,547.098.263-74,2024-01-05T09:20:30.824480
217,João Fernandes,823.605.197-86,2025-07-11T10:59:31.203227
218,Maria Helena Caldeira,072.369.584-92,2025-10-12T03:05:50.479080
219,Thomas Duarte,965.173.240-70,2024-07-01T17:43:38.762054
220,Luiz Otávio Vasconcelos,853.072.469-00,2025-03-05T08:24:53.819843
221,João Lucas da Rosa,269.407.351-43,2024-04-26T05:35:25.490385
222,Raul Teixeira,261.543.087-44,2025-11-13T20:23:21.767689
223,Rael Cavalcante,189.670.452-20,2024-03-14T03:52:48.533742
224,Rodrigo Correia,859.701.246-30,2024-03-07T04:25:59.275201
225,Theodoro Teixeira,543.820.169-24,2024-01-07T17:16:47.515613
226,Gabrielly Moreira,927.685.301-40,2024-08-07T23:27:08.007384
227,Alice Farias,510.263.894-70,2024-06-22T09:40:02.938752
228,Sophie Fernandes,034.796.521-07,2025-05-27T23:09:37.086444
229,Joaquim da Rosa,785.390.146-10,2024-05-23T16:59:49.653468
230,Stephany Borges,293.418.057-32,2025-04-05T05:33:18.404238
231,Gustavo Henrique Ferreira,807.146.293-40,2025-07-29T17:46:45.517117
232,Danilo da Rosa,297.863.014-04,2025-08-19T05:54:28.491041
233,Antony da Rosa,564.079.123-34,2024-11-16T17:54:03.592944
234,Sra. Maria Laura Cunha,538.721.640-07,2024-10-24T12:44:40.488159
235,Oliver Silveira,259.476.180-01,2025-01-13T07:57:37.502533
236,Julia Oliveira,983.104.672-22,2024-08-18T10:40:56.555578
237,Dra. Helena Lima,413.658.027-44,2024-11-01T01:50:44.072434
238,Pedro Miguel Rodrigues,208.573.496-00,2024-09-10T20:39:29.852393
239,Emanuel Montenegro,619.230.845-42,2025-01-23T07:33:19.848199
240,Srta. Maria Isis Caldeira,157.428.360-07,2024-08-30T22:09:18.335498
241,Maria Laura da Rosa,947.210.356-16,2024-04-26T10:50:27.620290
242,Cauã Cavalcante,180.324.796-78,2025-07-06T04:27:58.092626
243,Maria Clara Duarte,372.965.041-61,2024-07-16T10:19:23.687425
244,Henry Garcia,809.164.372-13,2025-10-28T21:35:18.047112
245,Leandro Garcia,095.467.328-00,2024-03-26T00:16:01.876376
246,Theo Peixoto,624.805.137-26,2024-09-05T23:16:59.530887
247,Ana Cecília Nascimento,690.157.824-58,2025-10-28T19:13:59.199066
248,Sr. Renan das Neves,546.023.798-00,2024-12-08T07:14:33.382890
249,Maria Luiza Macedo,760.281.495-94,2025-04-18T00:26:09.923392
250,Sra. Alícia Moreira,594.271.083-04,2024-11-12T21:12:26.345025
251,Ester Souza,165.320.984-42,2025-08-26T06:29:05.330076
252,Dra. Ana Sophia Caldeira,435.876.092-92,2023-11-25T19:36:01.163401
253,Maria Isis Albuquerque,260.398.145-51,2024-08-01T02:06:42.432510
254,Augusto Pacheco,951.478.306-93,2024-12-25T09:48:54.874834
255,Lorenzo da Mota,362.580.719-02,2024-07-12T10:29:06.530743
256,Leonardo Moraes,879.240.156-20,2025-05-14T07:51:04.726529
257,Maria Cecília Pereira,145.627.089-30,2024-09-26T02:16:56.606952
258,Sra. Emanuelly Silva,146.029.587-02,2024-06-10T20:04:43.001703
259,Maria Clara da Costa,614.029.875-01,2023-12-31T08:10:38.267951
260,Ravy Cavalcante,140.359.627-16,2024-01-19T10:52:08.879416
261,Cecília Melo,142.698.053-15,2025-01-17T09:22:36.542922
262,Ana Luiza Cardoso,785.160.394-39,2025-06-10T07:06:21.149882
263,Marcelo Cirino,683.124.597-82,2024-05-22T18:17:44.206082
264,Olivia das Neves,764.201.583-62,2024-08-10T12:14:11.372553
265,Sra. Giovanna Rodrigues,426.817.305-62,2024-03-11T23:06:26.491878
266,Gael Henrique Teixeira,054.369.172-16,2024-09-06T01:40:49.346429
267,Brenda Freitas,430.167.859-00,2024-06-22T12:01:36.590957
268,Manuella Fonseca,576.492.130-99,2025-03-03T22:42:38.868811
269,Sarah Porto,370.256.819-03,2024-10-31T13:51:47.784772
270,Júlia da Costa,341.960.857-84,2025-11-19T23:41:11.998848
271,Rhavi Viana,530.867.941-00,2025-10-17T19:18:49.460449
272,Natália Machado,327.486.195-28,2024-03-24T19:24:18.770327
273,Zoe Rocha,683.502.917-02,2024-06-01T23:11:25.418236
274,Caleb Monteiro,190.354.867-57,2025-02-08T14:16:36.322282
275,Sr. Erick Oliveira,750.182.639-03,2025-01-25T04:45:00.133144
276,Isaque Costela,240.356.981-05,2024-10-02T05:16:17.697248
277,Camila Pires,187.693.054-39,2024-05-18T16:52:27.236476
278,Sarah Rodrigues,053.278.164-35,2024-09-30T20:25:36.778121
279,Rhavi Pinto,183.056.742-07,2024-09-04T16:40:52.794405
280,Paulo Caldeira,051.234.978-97,2024-01-13T13:12:43.149132
281,Dra. Clarice Freitas,794.153.068-66,2025-01-18T00:03:32.701707
282,Raul da Cunha,619.530.742-43,2023-12-01T12:26:39.220753
283,Erick Pereira,741.302.986-31,2024-03-30T00:55:14.951319
284,Gustavo da Paz,875.924.306-65,2025-01-11T00:29:01.579920
285,Matteo Rios,294.710.538-97,2025-06-20T06:14:21.840204
286,Maria Fernanda Pastor,051.467.389-39,2024-09-09T02:22:29.016482
287,Lavínia Fonseca,389.752.460-00,2025-04-27T04:49:57.407553
288,Melina Carvalho,249.813.765-37,2024-10-07T08:48:41.137534
289,Bárbara Martins,184.973.650-20,2025-03-22T12:03:39.880494
290,Fernanda Mendonça,093.621.847-96,2024-03-10T21:39:20.693719
291,Srta. Lorena Vieira,170.236.985-40,2024-06-10T03:51:09.730414
292,Yan da Rosa,891.604.572-01,2024-01-01T02:39:31.758508
293,Sra. Bianca da Rocha,839.607.254-00,2025-11-07T23:41:03.407631
294,Léo das Neves,035.921.478-97,2024-10-31T08:38:20.706604
295,Maria Laura Moreira,370.528.149-60,2025-10-30T20:02:01.689301
296,Luan Leão,938.647.502-29,2023-12-13T00:08:34.466884
297,Mariane Borges,231.068.579-86,2025-05-24T21:38:00.308671
298,Isabela Santos,704.589.612-30,2024-03-10T04:08:10.542806
299,Evelyn Cirino,618.749.350-84,2025-09-25T09:46:25.995495
300,Francisco Dias,381.526.479-00,2024-11-22T15:01:02.242857
301,Maria Fernanda Ramos,169.472.038-13,2025-10-20T13:34:02.860254
302,Mariah Mendes,902.654.318-24,2024-11-16T05:45:18.686361
303,Emanuel Aragão,756.130.928-77,2024-12-12T05:13:46.111350
304,Otto Fernandes,856.370.492-38,2024-10-15T09:08:35.162285
305,Pietra Moura,368.495.027-00,2025-02-13T22:27:29.671109
306,Gabriel Garcia,679.514.380-57,2023-12-13T18:08:39.098362
307,Joaquim Ferreira,534.192.708-79,2025-07-17T15:54:35.069093
308,Enzo Sá,083.217.964-78,2025-08-29T17:16:28.619871
309,Mariah Rios,426.058.791-94,2023-11-25T17:48:23.353119
310,Dra. Olívia Moreira,362.590.874-38,2024-10-25T11:38:36.000276
311,Ana Luiza Nascimento,643.072.518-90,2024-06-27T19:40:20.576003
312,Mariana Camargo,371.056.842-08,2024-05-28T01:00:45.433504
313,Ian Rezende,286.930.475-74,2025-02-17T01:45:04.678668
314,Dr. Liam Martins,687.031.294-03,2025-05-16T17:19:20.705353
315,Calebe Gonçalves,540.162.398-42,2025-05-14T12:29:27.360432
316,Raquel Mendes,473.851.296-09,2024-08-28T22:08:15.219571
317,Rebeca Sousa,209.745.618-94,2024-08-11T14:37:46.081270
318,João Vitor Vargas,459.327.618-73,2025-11-09T00:13:16.095848
319,Emilly Moura,073.245.891-97,2024-08-25T12:15:38.153018
320,Davi Luiz Rezende,162.507.398-40,2025-04-17T13:43:52.670441
321,Maria Júlia Ramos,506.481.379-10,2025-11-24T17:39:54.022592
322,Ester Siqueira,805.423.967-00,2024-06-16T06:12:26.720302
323,Dra. Elisa das Neves,805.274.319-23,2025-11-12T16:00:50.701706
324,Diogo Moraes,673.085.914-84,2024-04-23T00:51:36.042217
325,Júlia Viana,906.128.543-70,2024-10-17T03:07:22.946926
326,Maria Flor Montenegro,637.459.810-57,2025-09-04T07:58:46.532025
327,Ana Lívia Barbosa,362.854.079-83,2024-12-27T17:21:28.789261
328,Bruna Cunha,054.231.698-60,2024-07-12T07:34:33.533432
329,Samuel da Cunha,049.183.625-24,2024-06-22T19:43:00.449626
330,Maria Luísa Nunes,721.036.984-87,2024-03-12T05:29:46.461187
331,Dra. Jade da Mata,316.245.708-44,2024-07-16T06:20:49.113445
332,Henry Gabriel da Cruz,047.932.156-61,2025-10-20T01:16:45.729452
333,Murilo Lima,852.906.143-89,2024-04-21T20:30:23.983622
334,Vitor Hugo Pires,824.961.735-55,2025-08-28T01:54:37.186790
335,Ana Beatriz Fogaça,258.934.670-00,2024-06-13T09:13:48.752336
336,Antonella Cassiano,780.231.945-50,2025-09-04T13:37:49.679135
337,Thiago Abreu,875.362.194-82,2025-02-24T18:38:48.936963
338,João Gabriel Rezende,472.035.819-50,2024-05-08T15:16:02.925837
339,Joaquim da Luz,964.017.538-20,2025-08-09T01:30:34.666705
340,Sr. Otto Sales,782.510.439-05,2025-07-02T15:37:15.378093
341,Maria Andrade,046.217.935-43,2025-10-28T06:16:11.465036
342,Danilo Alves,780.291.365-95,2024-04-27T17:24:38.292919
343,Vitor Hugo Castro,609.832.175-21,2024-01-09T08:27:37.187395
344,Bella Freitas,867.041.325-62,2025-07-13T14:37:53.133202
345,Dra. Lara Farias,432.097.816-13,2024-04-02T03:10:27.280285
346,Pedro Henrique Lima,356.019.472-52,2025-06-29T10:10:14.663297
347,Heloísa Borges,813.926.075-40,2025-01-23T15:10:43.431876
348,Sr. Vitor Hugo Montenegro,864.317.592-73,2024-05-11T18:15:11.246513
349,Samuel Aragão,610.487.539-48,2025-05-02T21:08:58.696936
350,Melina Costa,463.079.258-92,2025-04-02T00:36:38.705574
351,Luiz Otávio Dias,958.324.670-00,2024-04-28T00:09:14.648135
352,Henry Martins,986.153.407-57,2024-06-20T12:51:58.976003
353,Pietra Siqueira,483.627.590-38,2025-10-16T22:32:05.656068
354,Enzo Garcia,012.857.963-30,2025-06-26T19:59:28.762230
355,Rhavi Caldeira,904.587.263-38,2025-07-29T02:38:52.392759
356,Alexandre Peixoto,591.726.083-40,2024-10-27T16:50:49.033996
357,Dr. Yuri Campos,628.405.179-49,2025-10-01T13:38:34.350734
358,Lucas Gabriel da Mota,627.935.148-37,2024-10-20T08:48:21.137160
359,Agatha Peixoto,836.912.407-04,2023-12-28T11:18:19.639825
360,Ana Júlia Vasconcelos,620.719.534-52,2024-04-16T22:43:16.726176
361,Luiz Gustavo Almeida,140.753.692-34,2024-07-18T07:21:54.993439
362,Bento Ribeiro,296.048.571-85,2024-05-21T15:05:18.139415
363,Beatriz Porto,865.721.430-07,2025-05-19T06:57:17.887255
364,Maria Luísa Borges,698.541.307-20,2024-01-26T02:17:19.670173
365,Antonella da Costa,975.018.243-04,2025-11-15T19:12:50.366885
366,Srta. Sara da Mata,084.721.935-60,2024-09-29T13:19:49.107837
367,Fernanda Aparecida,745.320.891-23,2024-06-09T09:51:36.281740
368,Matteo da Cunha,375.290.684-74,2025-11-19T15:54:17.221249
369,Fernanda Abreu,743.960.182-31,2025-04-10T09:30:48.373510
370,Brayan da Rocha,254.786.019-85,2025-03-31T01:13:16.215863
371,Mirella Farias,406.718.532-44,2024-05-18T17:00:16.478123
372,Pedro Henrique Mendes,378.240.156-53,2024-11-30T07:29:42.345950
373,Maitê Novais,497.562.813-91,2025-01-25T20:13:29.119789
374,Maria Flor Nascimento,012.894.357-23,2025-06-02T16:34:39.187471
375,Kamilly Pimenta,869.257.014-11,2025-11-14T21:00:19.168084
376,Yuri Guerra,945.320.768-38,2025-02-12T14:22:10.144167
377,João Gabriel Peixoto,618.043.957-57,2025-07-07T19:54:13.769951
378,Aylla Silveira,869.135.702-95,2024-11-02T07:08:47.788284
379,Luiz Henrique da Paz,096.731.542-52,2025-06-02T18:31:37.737045
380,Evelyn Melo,571.483.609-00,2025-11-14T10:18:08.869967
381,Hellena Borges,104.639.872-50,2025-05-25T20:34:03.217226
382,Miguel Melo,298.536.470-10,2024-01-31T23:41:43.964886
383,Alexia Costela,973.451.680-93,2024-04-27T18:11:23.376555
384,Eloá Albuquerque,261.357.948-09,2025-03-07T21:09:30.905253
385,Sophie Pires,174.063.982-04,2024-04-28T19:31:47.916302
386,Maria Alice Barros,157.326.490-34,2025-04-19T14:21:02.217888
387,Bianca Nascimento,816.532.497-73,2025-05-16T15:28:26.286646
388,Mariana Siqueira,430.278.516-08,2024-10-25T06:22:45.209816
389,Sr. Cauã Garcia,287.645.310-07,2024-07-31T05:06:37.281510
390,Nicolas da Conceição,382.154.760-07,2024-07-08T18:15:48.412757
391,Nina Porto,045.169.782-02,2025-03-08T15:19:32.357422
392,Alexia Rodrigues,361.580.274-80,2024-08-24T23:17:35.281654
393,Catarina Barbosa,793.504.816-93,2025-11-03T16:01:51.675030
394,Davi Miguel Leão,192.736.548-19,2024-02-03T03:08:14.354190
395,Maysa Alves,853.219.074-04,2025-06-17T04:27:06.592348
396,Sr. Renan Gonçalves,529.348.167-37,2025-09-01T10:01:48.197548
397,Ryan Santos,953.687.140-84,2025-06-02T13:23:09.253671
398,Luiza da Mata,871.032.456-90,2024-02-03T14:07:03.113608
399,Alexandre Sales,986.514.203-15,2025-11-07T06:07:15.050150
400,Ana Carolina da Rosa,173.485.629-73,2024-10-06T14:23:21.553137
401,Enzo Albuquerque,657.201.983-77,2025-09-26T13:01:16.416439
402,José Pedro Borges,283.470.659-00,2024-01-11T12:06:42.319688
403,Theodoro Cunha,152.490.738-32,2025-04-07T02:58:33.105591
404,Maria Liz Farias,425.106.973-07,2025-06-09T18:37:40.918179
405,Hadassa Oliveira,413.085.972-23,2024-03-08T22:34:28.890885
406,Dr. Caio Duarte,092.475.613-61,2025-09-28T00:55:30.607612
407,Sra. Lara Rezende,807.231.954-04,2025-03-10T13:12:08.689836
408,Srta. Isabel Caldeira,721.483.956-37,2024-03-03T01:40:13.084307
409,Júlia Andrade,731.068.945-39,2025-03-29T21:46:13.603370
410,Diogo Barros,093.672.154-52,2024-06-10T06:05:28.298457
411,Sra. Caroline Novais,450.897.361-20,2024-02-09T21:09:00.272349
412,Sr. Lorenzo Viana,359.617.802-95,2025-06-01T05:43:44.143507
413,Dra. Isis Costela,698.453.120-98,2025-09-03T00:46:56.842899
414,Ana Beatriz Campos,634.582.019-98,2024-02-01T02:16:27.304498
415,Alexia Silveira,210.468.537-08,2024-06-09T17:28:00.948972
416,Sabrina Teixeira,054.638.279-74,2024-10-06T20:34:28.995652
417,Yasmin Pires,013.492.675-70,2024-03-11T21:39:00.168774
418,Ryan Cavalcante,014.582.396-24,2025-03-11T16:51:23.273896
419,Maria Eduarda Camargo,042.378.591-50,2024-02-10T07:50:10.006339
420,Apollo Azevedo,683.740.951-48,2023-12-22T13:25:23.275529
421,Miguel Albuquerque,746.583.092-38,2025-01-17T06:04:11.469095
422,Ayla Caldeira,138.297.654-28,2024-06-21T11:21:32.460136
423,Lara Câmara,243.650.798-83,2024-06-04T11:07:25.800707
424,Thomas Vieira,273.901.845-23,2025-05-24T05:38:50.311731
425,Dra. Maria Flor Moraes,620.798.143-03,2024-09-04T12:37:05.920172
426,Mathias Santos,591.234.806-70,2025-03-07T12:19:58.027198
427,Caleb Araújo,210.456.397-61,2025-05-15T14:40:16.233181
428,Melina Porto,140.975.623-80,2024-10-28T05:12:47.263549
429,Oliver Alves,183.607.492-13,2024-08-05T07:25:40.127026
430,Lara Lopes,241.079.538-23,2024-02-16T00:15:30.565280
431,Sra. Maria Júlia Rezende,914.708.365-48,2025-06-05T23:52:41.262204
432,Maya Mendes,928.401.357-79,2025-01-10T11:51:51.900815
433,Elisa Cassiano,781.094.635-84,2024-11-08T10:36:07.837588
434,Théo da Cruz,542.738.160-08,2024-09-09T18:43:57.371703
435,Srta. Natália Garcia,812.694.753-55,2025-04-27T16:49:17.713122
436,Maria Alice Cavalcante,142.760.395-25,2024-07-20T17:48:36.593119
437,Laís da Costa,423.951.687-00,2023-11-27T00:16:19.625113
438,Joana Aparecida,190.724.386-04,2025-11-02T03:37:22.697857
439,Sr. Luan Vasconcelos,598.241.307-05,2024-12-11T07:53:11.544883
440,Vitor Hugo Lima,516.032.479-80,2025-09-11T03:45:21.410853
441,Nathan Abreu,980.327.614-03,2025-08-25T21:33:04.654001
442,Benjamim da Conceição,291.784.503-14,2025-07-07T08:24:44.852907
443,Sra. Ana Luiza Sales,190.325.746-80,2025-11-23T01:42:57.192968
444,Sabrina Monteiro,270.583.619-59,2025-07-11T16:23:01.094914
445,Evelyn Dias,538.720.491-60,2025-06-27T03:54:42.844536
446,Henry Gabriel Farias,856.903.124-60,2024-07-25T16:11:21.106780
447,Hellena da Mota,407.362.951-43,2025-08-11T11:22:31.435516
448,Mateus Monteiro,723.651.049-16,2024-12-22T01:22:52.237827
449,Gabriela Mendes,164.280.379-04,2025-05-23T23:09:17.590380
450,Nina Pereira,402.753.189-23,2024-11-20T06:55:24.172496
451,Srta. Giovanna Fonseca,947.510.623-52,2025-11-05T02:31:38.029259
452,Marcos Vinicius Silveira,912.506.348-06,2025-10-19T23:40:49.416562
453,Heloísa Guerra,796.140.283-78,2024-03-29T13:40:24.037553
454,Joaquim Vieira,659.271.843-91,2024-10-13T16:16:55.260941
455,Vitor Gabriel Moraes,264.580.971-58,2025-04-16T07:51:49.697832
456,Olivia Mendes,510.294.368-51,2025-05-06T12:29:14.221495
457,Benicio Cardoso,618.450.372-35,2025-02-26T10:46:22.382714
458,Raquel Rezende,946.385.072-47,2025-08-21T21:30:14.767967
459,Pedro Miguel Costa,243.605.871-71,2024-06-26T11:26:07.733132
460,Vitória Pereira,951.380.462-33,2024-08-28T07:21:55.113476
461,Joana Peixoto,630.754.981-57,2024-04-11T19:15:38.514755
462,Miguel da Rocha,950.687.321-68,2024-02-23T06:47:24.099168
463,Dr. Davi Miguel Carvalho,782.690.415-30,2025-08-30T04:00:36.624223
464,Pedro Henrique Nunes,584.920.376-10,2024-08-14T05:41:56.325198
465,Ana Cecília Teixeira,420.713.569-34,2024-11-12T11:44:10.379575
466,Heloisa Viana,709.682.513-40,2025-10-26T02:57:10.736366
467,Davi Pires,038.175.426-07,2025-09-16T03:49:20.040331
468,Sr. Otto Garcia,946.312.805-06,2025-01-11T22:41:54.169355
469,Isabella Marques,504.213.987-79,2025-09-12T09:52:42.033805
470,Sra. Maria Alice Sá,719.402.836-04,2024-08-08T01:10:33.017935
471,Luiz Felipe Câmara,724.319.680-22,2024-04-25T16:21:10.309479
472,Samuel Araújo,729.653.048-00,2023-12-07T06:06:18.568750
473,Dr. Davi Lucca Pereira,968.041.527-94,2024-02-22T05:25:08.448608
474,Kaique Santos,214.507.896-76,2025-06-10T16:07:47.690422
475,Ísis Pereira,780.934.216-96,2025-01-03T17:57:31.800766
476,João Vitor Jesus,452.790.681-01,2024-03-27T10:37:18.919348
477,Srta. Melina Viana,930.142.785-05,2025-03-06T11:17:50.688934
478,Ana Laura Oliveira,583.647.921-64,2025-10-16T16:02:16.922565
479,Liz Barros,839.625.410-98,2025-04-25T08:47:13.464192
480,Anthony Rodrigues,716.942.053-80,2024-07-24T21:29:27.357404
481,Raul Araújo,607.584.213-62,2025-10-22T00:48:57.845225
482,João Vitor Lopes,871.925.460-11,2024-03-08T02:10:01.876224
483,Dr. Murilo Rodrigues,328.609.471-40,2024-04-29T12:30:19.871248
484,Luigi Porto,416.830.259-89,2024-10-05T02:40:54.406973
485,Henrique Camargo,948.267.310-78,2024-04-09T21:37:31.419962
486,Mathias Sampaio,769.132.580-03,2025-05-19T02:46:58.452883
487,Rafael Correia,218.563.049-06,2025-03-22T17:38:00.841601
488,Maria Luísa Novais,507.698.412-01,2024-04-05T10:04:29.852142
489,Lunna Ribeiro,706.548.291-01,2024-06-02T04:56:20.903833
490,Dra. Caroline Lopes,346.587.021-26,2024-03-08T17:45:18.429316
491,Pietra Moraes,974.108.326-22,2024-09-03T02:35:13.661542
492,Ana Vitória Silveira,490.235.716-06,2025-06-09T22:58:37.147973
493,Dr. Thomas Nascimento,635.178.492-19,2024-02-25T10:57:34.508044
494,Samuel Pinto,703.451.968-48,2024-09-05T11:53:03.352970
495,Srta. Maria Julia Vieira,318.059.264-89,2024-03-18T15:45:55.040149
496,João Jesus,049.768.312-13,2025-02-09T01:47:02.066228
497,Dr. Bryan da Rosa,301.692.754-34,2024-06-30T21:50:30.701169
498,Ana Lívia Sá,013.684.759-57,2025-08-26T01:35:11.195532
499,Srta. Nicole Fernandes,284.107.359-97,2024-11-03T03:14:24.290669
500,Melina Novais,135.782.460-26,2024-05-30T16:25:37.566899
