id,fingerprint_hash,first_seen_at,risk_level
1,e4505ede22f35c1b69278a64da1d538f4ec9217a,2025-01-03T22:20:06.942721,mid
2,8f651dd897c7056f65d2306c30f3f0dd76043ca6,2025-09-18T00:11:49.648235,mid
3,f90f6214622d4bc784212fb753b2290b520e5989,2025-09-29T22:11:51.154130,low
4,b4af37aa094e3120883651d12858aab0a300f264,2024-12-19T06:23:56.642229,mid
5,a62beff763df0a9cb05fb32ab6a5522f3c00d442,2025-04-08T08:37:22.645755,low
6,2a4e9ab28504ab8817fabf8ddfb74f61f4ad8bf1,2025-06-30T19:14:50.731298,low
7,f01b8b06176982846bee0558a908108764bc88ee,2025-10-31T11:15:20.308949,mid
8,9e9ef10320eeee29c38ab7cc38f35bfd0fd85bf0,2025-09-06T18:31:44.535795,low
9,db89d9e78bc5970a728f2d0c3a7944d5ca1e6091,2025-09-08T21:45:14.209648,high
10,0b18a5ada6e2896361de461acedfa82fb18050e9,2025-08-30T04:05:18.666810,low
11,4a36c41661b06bab21f12457e603008aba359b65,2025-09-01T18:04:30.782563,mid
12,09c4f7911e2a6ea40acd0a4d0d7d6e96cf8ec7cb,2025-01-02T00:24:39.003601,mid
13,554cbda80a0849c18f455bbd910f3ccd9ca31adf,2025-07-17T23:29:49.522956,high
14,ab14c8af6897e176d7713a68334df1f5b443abb5,2025-03-11T21:31:37.268706,high
15,4f6e7085cfeb09d011237465db635ccf978de12f,2025-01-30T06:16:19.646587,low
16,64492c8ad2dcee219de70d15e1f7d57d955855e4,2025-01-14T12:48:11.387731,high
17,d801b2df720fa89310e323f50b2ed96b099466db,2025-04-25T21:40:25.461150,mid
18,e03bb766c477007b38b4a1aaddc6e50124815da5,2025-01-14T16:49:41.361293,low
19,eae4972f7e11c40a6d50ceb32abf6ee2d99f5b87,2025-03-07T22:23:37.619038,low
20,f63afaf39287d3e64cfd9574fc09ddff015cd3dc,2025-09-03T08:42:08.421083,mid
21,084c8d6a11365da933298ab01410592129891ef4,2025-10-03T00:41:38.846057,low
22,f294d295ca22744d1a4e99953696cc61eedba883,2025-01-08T14:58:31.981884,mid
23,f9286a942692b3079f9093d424d336ee1a4a0943,2025-04-13T19:16:05.976714,high
24,18b78a82addbd7918e62cc61e7ed7e280bb9aae6,2025-04-27T10:26:00.256631,mid
25,5d4b53c0de34f774529cbaeac225c91a5e2fb8b5,2025-01-28T13:50:16.107902,low
26,8bc9020caf38cf33e7a3b70d29b11c34f28eb6c0,2024-12-04T09:06:02.804274,mid
27,1c2547d8cb6ac45c9236fb6583f412688599896a,2025-05-21T18:15:52.991626,mid
28,a9155569b7fd4f81b094e04827b08de5fb047741,2025-10-11T12:47:36.101389,mid
29,459dc1839ab2023ee2d4d9aa1f41e2bb2364d3a2,2025-06-20T06:28:17.782871,high
30,a9a86a37ab44db1368154435c241794ed8821345,2025-05-02T15:49:16.872059,high
31,acc56baac308e5cb58942b7aaa2725dc44f6130d,2024-12-06T04:57:02.183055,mid
32,62b4b632c1577211708db3cb5f392dc1664e28f1,2025-09-03T09:05:01.078413,mid
33,c79d68ae189c5993e4ef2fc947b796fde1a8a62f,2025-09-22T16:43:57.371284,low
34,80f356ead6091b1f4d64511a2f9c30e31aea9d70,2025-07-12T18:26:25.003939,low
35,40aa4dffd212c40cf018cc3dddd348a6b10607f6,2025-09-26T07:32:41.265537,high
36,3ebe377864a98c657ea42088b3ff84bf3537c54d,2025-10-15T14:39:09.798187,mid
37,6c05f78ae98684e10e21fb60a7972f6f2c87cf45,2025-06-14T15:59:05.306581,mid
38,af31d98fcf047051df545586ca42e217c65d8657,2025-10-02T13:50:20.785052,high
39,fb835f62956dbed36ff2fcbffecded513c17ccc4,2025-09-22T15:54:33.233954,mid
40,b7267c3db13b6c177116f4b7c9730be4bfea7e00,2025-11-20T07:07:28.406535,mid
41,2e95a97716d1543bc775e4d7374c21d7cb1585ef,2025-10-01T17:30:47.329949,low
42,e6a8bbd6cef493badfe607f570504518d9936199,2025-09-07T12:15:35.614032,high
43,f55c7927152e6aa39512f6125708714351fced8a,2025-09-11T21:25:37.965459,mid
44,7d78dcd69158270365b700ec5a192cbd590347a4,2025-04-28T20:59:40.739972,high
45,28d4c1db0242c943f47eaef9fdc86dad60f79d61,2025-11-14T16:48:55.069247,high
46,cfc3239a743b5e5868724162faafec3b332524d1,2025-11-29T02:03:17.191071,low
47,c41f468765706c91dc2294992655db16a8feb11f,2025-05-09T04:42:05.012951,high
48,31727288254a04ff9803899c9f33efac092db8f7,2025-02-18T18:44:01.238726,low
49,ba4e201606fd0e7f952631096f89712e5758289a,2025-04-19T04:46:41.874259,mid
50,632e37c57a803fcc69aa69ab2d8fdeed4c7b3245,2025-02-05T23:41:35.379360,low
51,163eaa29dd37db9cd66707467cb7c749429a463a,2025-10-27T04:30:01.917914,high
52,10e46b3fd570190f5f95eccb91c7a88b9ece368e,2025-11-10T15:28:16.435169,high
53,f4d2d79827ff215e5b9a4c820b2b5153c0155c68,2025-08-01T08:22:06.496711,mid
54,f4c0a40927cf427cc3fb85f7e8bbe5c0f9c257cb,2025-01-24T06:06:48.185444,high
55,45b4e9726a24720d0ab333e2ce59a9f9935e3239,2024-12-20T07:00:54.518778,mid
56,b5465b76ce8b5d0e827995effc42432cab7c4f4f,2025-08-03T08:36:10.190733,high
57,08b700ced92872fd1e000fd856c00ae5c79e684e,2025-01-04T08:44:53.958183,mid
58,7f28ae12b3d39864a80b034e148ca47d3239a4aa,2025-05-27T09:07:30.321601,low
59,e5c260f1d7adfdb52d36eea7f7b617a47d26c28b,2025-10-05T05:30:58.463104,high
60,d27e0d1c6c9c6b76714861f53054b7687a10d97c,2025-10-16T13:35:04.885153,low
61,a7fd17f3e93e00eb7fc76f385797e38a1931b20c,2025-12-01T06:35:29.025352,high
62,89c41b99546aa6ec198c9e9a4c2b51c988a7f3a0,2025-03-18T12:29:04.790502,high
63,40d4ba3d01d66d7d0d4e9f14b9d2a1f2569e25f5,2025-06-28T22:49:24.933151,mid
64,d8707566c37253044be8879ae85828712e3d2d05,2025-07-27T15:04:33.797893,low
65,154cff2406e7366dc47b6a60c00a640ee7d81049,2025-02-02T08:58:23.739836,low
66,cdb89edc0b8ba7f71c3d9320bd0fee3d1e15ac14,2024-12-11T19:50:48.559064,high
67,ad3f8ce374aba6e54d0211eacd029db5ebf04fda,2025-07-08T01:02:24.161122,mid
68,98d9b87a6b3af6cea8d43778f604bf27c07e90f8,2025-08-24T03:37:31.137572,high
69,71123085185cee4b1f8378b322bd7316c465191a,2025-04-06T22:48:08.051121,mid
70,5909be43daec3df2710ada19396eac0f685fd1b9,2025-07-01T11:25:55.270672,high
71,15b6ed2daee15c66f30b5ba43d146672ac2fda93,2025-03-01T12:59:20.980641,low
72,80583f3b328d440d6d232b8e9f5ea45b7cdb4b00,2024-12-22T06:21:50.135167,high
73,adf6e4cc029d921ddd22895113100871348c9984,2025-05-20T16:07:42.498769,mid
74,26c63d4e268ff547eeca52f71c0c85364cbdf0ff,2025-08-02T06:38:07.526552,high
75,f83711b013b90e1125302e3514346f17b0ede0f7,2025-05-25T15:53:15.382029,high
76,e33df3919fd94fbd53712b1f17f5dd0e7368cf4a,2025-02-15T06:32:43.534195,low
77,363d73f6a11ce9e8292f352bd4dbbf8273470c90,2025-05-22T13:46:44.893091,low
78,282cf0e46b7311568d48fc004e292917cc59cd57,2025-02-25T06:37:47.958879,low
79,4b3e3058848ffb8b2f24f9ef778064b6357f1d29,2024-12-13T23:05:37.369397,high
80,763222497ea910cc4231df12638b59af9f4301e1,2024-12-04T06:49:10.454195,mid
81,f999a1380d4593f3d55ef77d364151e120535143,2025-08-21T02:39:16.739229,high
82,f33eae4b6b7e9c495bcc0cdeb352e25462624e9f,2025-06-15T01:59:33.870075,high
83,ed5234b35bed4d169c53896f26142f175a517ee5,2025-11-27T23:36:00.036457,mid
84,ed0aa43358b7251be99fa7187b6b36becf761f74,2025-05-30T14:39:20.790917,high
85,3eb0c1bc384dd78f6bd198ba62650df1caaada74,2025-07-13T12:33:17.578784,mid
86,b099c30c58e68acb44d7ff873b2a9493463e24cd,2025-01-20T19:33:45.407366,high
87,dfa0839351283807dd621fcada6e8a0386db7699,2024-12-07T08:01:57.065807,low
88,3b6f5ca077e4152299c6d7bc0f6307e017f3fe72,2025-04-18T07:38:06.112088,high
89,805de39c67c8944f88a174de0284501bb3b8926d,2025-04-09T19:39:29.758823,low
90,5ab161c75de7e000259ee5a682d7cdf695218328,2025-01-16T12:58:47.768107,mid
91,470fb265cb52a69e3ad49340e481adda366fad1b,2025-04-13T03:29:44.764070,low
92,6f794fa7238651a825d16dad30fab4f33ba67067,2025-04-27T17:35:23.899420,mid
93,27771cc0b9634e7614aa84f0d740187512a534fe,2025-09-10T01:27:22.061847,low
94,71c406909a87414ac9ebfd927e33b423cf2f81d9,2025-11-24T20:32:19.248224,high
95,a4e12dfee84707819b01239859a77c16fcf34e93,2025-10-31T19:54:34.704853,mid
96,bbffeb6246aa97f4c0367524f08cca836e91d371,2024-12-09T13:47:13.334604,mid
97,06a1936ad291d78942f53f1f1b17799779bd26a4,2025-09-25T16:23:12.641976,low
98,f904f99c91e753a341d8e0939aaf26cf94caea0e,2025-02-13T22:14:54.791760,low
99,c234bd3f419f45e457d82504f8711ebb24a56384,2025-01-21T06:32:27.478796,high
100,361d0277f6ef4cfec536eac8ec1b5134d0530471,2025-01-10T20:20:51.716215,high
101,999c85eb4115641afc45a2618aca5faf60d1bfcf,2025-10-31T18:45:35.458095,mid
102,6782e56f774c60b24c22cef484e6430be9f62550,2025-03-03T04:36:08.816152,low
103,6b70ed2cf5869bffa0150bf1fca087e2e0ccfdd7,2025-02-08T15:21:29.261437,mid
104,10c2c7def048928586fc294f18c2e9ad09e2f055,2025-08-26T08:44:14.430727,mid
105,76bf74bab84f50a16b599b2d0e76f251e471db49,2025-08-13T14:06:27.353622,mid
106,d67c471a689d4cd938d99d41898809b17f9bd9ad,2025-08-27T05:09:48.674680,low
107,d71f65cd46a75353f786e00fa3acdd3d68487507,2025-02-03T17:27:44.163924,high
108,e9c83deee8b4a5b9ac88b1122bad77c646d5b100,2025-08-28T04:51:42.443176,low
109,0379f9ff319980e728b7096aa1f72bfa8ed86513,2025-02-10T22:04:27.294776,mid
110,f0b8018e64ae10c2fe973a0d2a32125570ae9f9f,2025-03-16T04:42:13.293101,mid
111,5a806237d38748dcd09f9719ce0bab4a41a03be2,2025-11-07T21:31:05.798265,mid
112,09627c347c5e57592190bf778b4e090cff6139a1,2024-12-22T12:16:53.108597,high
113,335b286dd6dd6736901f2e91c150e275cff3b6d9,2025-11-24T12:47:44.304738,high
114,e885ba3084302b214123d7bddde804025e842997,2025-05-10T17:15:27.800543,low
115,210fefd21feb07b212b9437fc7385197025292b6,2025-09-28T13:25:41.498889,low
116,1d9f010c8dcd79586a7c976311fd174c5c2bd83f,2025-04-23T22:04:25.663986,mid
117,fd0953dbb3ad17a8f2b564be0c1be920e45d3721,2025-03-30T07:18:44.684028,mid
118,5da97256651201c2f0defbe072140974c0e9d9e3,2025-09-07T19:59:44.528279,mid
119,46ddd5ae0ad9c7ca722998d9d8370328c7d498c8,2025-11-02T12:15:32.069605,mid
120,7ee4cdcaa8b3a04b527f93c44b96608db41f3bc2,2024-12-23T22:37:39.118217,high
121,4bfeae2368b2d72d1db2815518e4f2a8c3e58339,2025-03-28T05:36:21.979283,low
122,f1995bed488fcaf1ab77ef09627fa44464adf75a,2025-11-23T09:16:19.250074,mid
123,40d8248152fedc8b035bd3b671d2fc222fd76dc4,2025-06-12T21:27:09.298600,high
124,c050c3909df88fe177ca9cfebad112e22bf2e11d,2025-08-30T23:34:23.671689,mid
125,281d2e4b44b913d9bfb14cd10937dd9ad1abc294,2025-11-07T23:20:00.571879,low
126,6507b4e4329ca088fe842787f404ee9fe6e0157f,2025-04-02T18:43:19.451626,low
127,fb84c889043c5691d153b7cfaf057e2c153c587b,2025-07-31T00:40:39.933421,low
128,b96a29b6b90b630b34df1a30fbc29ecc7602347c,2025-01-25T18:11:27.470830,low
129,4577fadbf20339eb7dc897897b9b5aff037fd79c,2025-06-23T09:16:22.620628,mid
130,1fbca45272fbedb3547d2da788a49e2088fdc6cc,2025-09-15T05:39:31.627790,mid
131,b9909bedab3f63b0d163a7af3b9c37871e7bdc65,2025-05-28T05:55:13.014993,low
132,7237de55e9259129a6a597cdd756d58b828e2230,2025-06-24T04:47:40.819067,high
133,8144763fb8aebb010cb0171f22e1b1764c7759aa,2025-07-14T01:47:28.073237,high
134,538b366b10a8f06a3b7866039fe8e3cdd50c779c,2025-11-23T13:00:04.101178,high
135,a46e528c93841263dafe70d14262cb89a14afb04,2025-03-15T17:03:46.553076,mid
136,66dba0cbe9e34755d4e75f546c21f8542bf437e9,2025-04-11T23:13:51.407130,mid
137,da2bcea1ec80c324fa34f74b5cd8e61dbfa9d87c,2025-11-13T20:13:36.588969,mid
138,de0dab2b07b3aa1e600eaf09858c9fc465e7bf24,2025-10-16T02:54:14.470034,high
139,1c7973f4a12cbf8b963195979292c0d4832d1c2d,2025-08-10T19:13:51.598130,mid
140,e75b6534630430913342749784e88b367f52872e,2025-02-04T18:50:26.110238,high
141,837f1a6a07d4eac6d684f28d841b3a8b2c541f62,2025-08-22T09:44:39.667384,low
142,1f4f7b620cb37c1b12db1b300ab19909fc5f0d0b,2025-08-06T07:29:35.271848,mid
143,327d3e2af4b1aa5c9a853ee72536b9432619bea6,2025-03-18T08:02:10.532344,low
144,4220863e6e3442b0371ff8a85bb8241c777732f3,2025-05-09T10:26:43.113622,high
145,81a3ad819f3b25226961c8849846b24104d456c2,2025-01-15T09:23:34.287155,high
146,4dfca8d9be26f6e52b2c2033ff27bcc51f0f1ce5,2025-07-14T00:31:10.245968,low
147,877e5d08c9a8eb8747dfaa86f1d5a1eaa8b6cdd9,2025-08-30T14:44:57.296086,low
148,ef7f8197d951cfadf4c4ca48c5bcdabe808b49da,2025-11-12T11:01:58.277714,mid
149,da5af7a7e7ec50a4e4c646725e098811ebc35f9f,2025-02-03T14:21:01.106236,low
150,e8d8441e8e5d7b2bacc8ceac87d567d6eb0bde17,2025-05-08T19:43:41.598827,mid
151,8789773d685bafdc39d18bd27fe42d25c60d8133,2025-11-14T02:57:54.121491,high
152,8ecba0e50fe12a7ad5a0dc9ab5586e9a5d335894,2025-03-10T16:19:12.818725,low
153,1bb8d46185b6a77c4c392af12b7b2f373d6107ee,2025-09-09T08:27:59.480196,mid
154,8c98bd2c2beae16451751eae77884c4f0112ff1a,2025-03-07T14:45:53.061333,low
155,cd02ae470bde79a464f4b429d961a1365b43523b,2025-05-08T08:43:11.023337,mid
156,d6fbfd31dcaa0e222f1023946aec7fe9a3f60494,2025-10-31T21:36:58.346991,low
157,fe39a417d2ea2c0f941b9f77076da8da91ee1531,2025-07-26T01:20:02.548085,mid
158,b1e2e353af08f365b4bfb6c7431134e00d17d4ec,2025-03-21T07:36:02.901155,mid
159,300ee04d5ea4693adb9db0ca6cd67093338540da,2025-05-05T08:47:48.538479,high
160,86cd29c11ee14448323f0fcafd2a03945f6c1cd2,2025-04-10T00:10:45.002981,high
161,472024e2b94410e0fcc6d54c4affd2426e39c793,2025-05-08T06:17:20.594412,high
162,8ffb374a8692b4711a1d3abee87430baf6308aaf,2025-01-02T10:59:27.813781,mid
163,25875705e42e906c4b71e3d9ed8a2da0180397ed,2025-06-27T14:45:36.622863,high
164,60dcf02190bd9d69631b1d11e93172b73ed19025,2025-10-07T05:42:51.480031,low
165,fc2efaa0fcd81912a9df4c61c3d0c3266d83b29f,2025-06-09T23:39:19.064500,low
166,5f02a53fdd02376efd034c54ea21b85f7b772782,2025-10-20T18:01:34.105232,high
167,50cadb2af422287fd414b6c79bc8e14c6149575d,2025-05-11T18:53:49.645780,mid
168,b6ff0bd4b5491e6f1fd0dacfbd3995618b8b6db9,2025-07-30T12:24:37.065013,mid
169,a7daec8d677d444788f8e5c6b837d2bd39b33291,2025-03-13T23:29:29.742372,low
170,51d8f1deb1b71c954c9c805f0b7e9f2ad42b9403,2025-05-12T22:53:16.203316,high
171,a89694f8b7f79a65501d76fa34d62467cba78129,2024-12-18T11:53:01.973882,mid
172,41b02f9d9dd9e6f39a6f720ecccfcd8a1054817f,2025-07-12T05:49:42.835428,low
173,95cc8e4be9b0882a9e31fb70465cbf64e2b04c10,2025-11-03T11:26:57.902205,low
174,889fad569dce51d92914081e0127eeb52ccdefea,2025-06-01T00:16:02.605175,mid
175,b0d91b1dcc7f07b9d4392d2685f6095f6e5c28aa,2025-07-17T16:25:07.065305,high
176,94ff4c222606f1e0a055bbc7bb27341a970c5c88,2025-10-09T07:48:26.620507,low
177,2dd853427462b800c6b5064ed6606c6628dbadf4,2025-05-04T18:57:35.665374,high
178,dc21e4a2a3c8ed3612b788840b6bce87b35ec9a9,2025-02-02T21:41:31.690313,high
179,94f93ad958f968599ea64eeb9b5b220df0589db9,2025-04-21T19:39:35.677612,mid
180,611801992ef72950ce11972135262e9104bf41dd,2025-03-25T17:23:56.589218,low
181,900edc4e1eb9fba7e0c3836fd55b9e44931d2734,2025-10-26T18:46:19.535561,high
182,1ac3276ddbfae888355469c5f03c750dc456d161,2025-07-05T02:21:36.781400,mid
183,82db492bf4699a7572193e6cadbd494971fb9e45,2025-09-17T23:51:36.229633,mid
184,a22b27470172b17c8a30064f7abab1424cf8142b,2025-10-28T04:19:43.188091,high
185,38cc2b91dd607310e4dd9a590175fde05e1ee27c,2025-06-03T05:59:15.284473,low
186,a6276fff1f8aadf2cbfaddebf7f7a8e03631c4e8,2025-10-02T13:30:19.316296,low
187,5c1704e3c813e27481125d7bf8d9570c7963b3f7,2025-05-12T09:01:46.596922,low
188,8b8ffb7e8041246333642ace698eb5b66ed8d65b,2025-04-25T17:39:45.266268,high
189,543f6aee0bac0c3d8f708d5d67aad37e0124a4d6,2024-12-14T20:43:11.443881,low
190,01184adc0e30e33bfbe54ab66f3500b2fb00d0f5,2025-01-02T07:29:57.023701,high
191,22bea5cc20320fa013133b0a4e367668185a1867,2025-07-28T18:15:29.680938,mid
192,a27ef1c223ee020c4c8c872e7267f6dcb744759e,2025-01-30T00:43:50.852045,mid
193,8f9bb73f092b2e9339b000b900d5cc54ff29be9e,2025-05-21T19:57:10.608520,high
194,f419a28908787615edf3011f10b0346ed65498d0,2025-09-26T21:53:08.343855,high
195,e30577f69eb93d90f6dbb70109b2777f8447451c,2025-05-09T11:02:34.393676,high
196,6e7de4d0ceff1802a51bb776fe9ba7782a679eae,2025-10-04T18:37:42.040060,mid
197,10fe078bf103c5bacd345337ff82273c4c7ee370,2025-01-18T09:37:26.725020,high
198,f35aceda21f97737017e2abeabce16f2409279a4,2025-11-17T06:59:26.006302,low
199,bc73c6d1793c91f8fbe0036d38874c80050b967b,2025-10-02T18:25:13.414668,low
200,9e93832062b5fecbf1d1833dead902644b7340f7,2025-02-01T16:32:46.948901,high
201,e6b424b1b72b8520c15324a4015e73f8cd00ba12,2025-03-05T13:22:19.186469,mid
202,a4a1d044cd417e8de9140b26dd8afa1f1c23e313,2025-09-04T11:37:06.366078,low
203,590a25864c9ab36d0a0db8540a93a9d1c6286524,2025-09-19T16:27:47.615797,high
204,3e40ee976e4e1c5455c9d3f63ad47c291c8d7413,2025-01-28T21:52:30.093140,high
205,80fb17a7003c886f3b093250c3c8be6b45cd8a66,2025-06-21T20:39:16.432539,mid
206,60747f417e073c681cda1ef150edf1887fd9846b,2025-09-19T20:51:00.386053,mid
207,a12adbc579a36bff3bd5f555023fbf9f2c1feff3,2025-11-04T09:03:38.025226,mid
208,fb945e3207b6681e47c518341e866485b4136b14,2025-08-21T15:12:28.338311,high
209,c8c4bef55f00c4beeef158220c8ebe5fe0bfe68e,2025-07-02T13:15:59.872875,low
210,90cf59d258ce562d9edd2feeef97cfad2711af2c,2025-07-11T23:18:19.825289,mid
211,8908199ab7beb6826043ddfe6b841669d1154fb0,2025-11-07T05:30:31.907186,low
212,3fd0278a4404ee114a02d3706414e98b6f2e6307,2025-07-15T16:43:58.064062,mid
213,23aa5cb1dff721563a267fb1311ec01c748e9c90,2025-01-08T03:15:08.349609,mid
214,fec946a4789652741f24bd5a6fb189e9068df401,2025-08-26T13:29:34.795488,high
215,21d35fab9f70289c8350a610419f95a0f31cd732,2025-01-13T03:23:06.055243,low
216,9f6a1df259759ff963e6533c0ff47198a81d6d72,2025-07-12T13:22:14.175737,mid
217,cf1e8d95d5fe5d63422db24036c514c278f64cb3,2025-08-29T10:41:18.692656,low
218,4e324e7b15936c8e8985ebf1a436ed9ad0eefdbc,2025-04-07T20:50:43.768360,mid
219,2a242408b117d97c3ef5c710413c1852feec7bbe,2024-12-19T02:56:21.291892,high
220,b2a7f11244b11b221250da8459c236a8432b22c2,2025-06-09T14:28:34.412864,mid
221,27c44f6ba87ba9e6ee6cde9c12d5f2d348aed2b7,2025-03-04T04:36:00.043289,mid
222,5909321cd42e6adb36574c368b33a6d8c05d287d,2025-10-31T09:07:42.534287,mid
223,bade8a12cbad0865dce4ff3fa1b4e911d45af14c,2025-10-06T07:04:17.227158,low
224,1ccf43f5053c1c0b83a5df7250fdbf2ec981afdf,2025-09-03T13:09:13.589632,low
225,71a454bf7580e3b9a319c79bb48ae1ffdd017df8,2025-10-16T18:35:42.658305,low
226,3014963f64e99760a72ff3df5f7d2c0b4047e107,2025-06-08T22:45:25.250624,mid
227,5e65ce2844ebc1c151401ea73267ff2c05a322ee,2025-01-28T11:08:29.299248,high
228,7a282d896f8c382a2de51805fcf667ea2185b9bd,2025-07-09T18:24:11.845226,mid
229,8daaa7dd08b66b1e2eaf8edeebe75b88de60de6c,2025-07-31T23:21:53.716869,mid
230,3318559a5e2f0cddeda9e88899f99c537eebeb6b,2025-10-13T21:14:57.497283,mid
231,bbf1b0de8ebe39a70de959a83aebc7da052edf08,2025-07-15T15:00:32.501413,high
232,e9dc3173b0f3f3b0f3a42ae683b8c4cd6380b0bc,2025-01-23T22:41:03.039532,mid
233,58a9d9486f2be43714328eeb1133fdcc9b1f1215,2025-05-10T20:23:26.749040,high
234,30afaeb2f082f3d0a93851489bd17954901d02ba,2025-08-30T08:16:25.423943,high
235,a641b79bb51d609f09247d908f9a13fea479923b,2025-03-22T05:54:11.269122,mid
236,490f450d5993cc0e6f8b128a4de1687457d8dc1a,2025-09-12T00:35:25.436856,low
237,5bdef750cd2121bf8ecc2d23cb0dd2142c3c6027,2025-01-13T12:46:11.487115,high
238,7290e544a6ac93e42b22d636e3ab709cac0f276a,2025-09-05T07:42:09.346249,low
239,974e637fa62da18c51b1b9c7e7e825eb20a4f3b9,2025-11-26T07:20:13.789661,low
240,612c46ac2d235d75cb11e326e5a7ffcc7db62685,2025-02-17T17:40:10.328861,mid
241,973fbfcf6d6c0852f61d68e0bf83b1d1ee9b430f,2025-10-17T07:22:10.849065,high
242,dbb5ed11f96ae528c44fd4533969c32f70477daa,2025-03-10T13:45:34.430973,high
243,6ea172cf0b94e9f9322afd05e8d174d527baf4f3,2025-07-10T07:58:56.613291,mid
244,a69712236e5d26eaa8d67ccec7d98cb6d04c81cc,2025-10-03T17:39:26.487943,low
245,d5223cb0ccf1118ec75ae4186d750c457c015c37,2025-05-22T04:12:31.938031,high
246,29893ed5061c174e39b1f496c2b8d35139bd93ae,2025-03-11T18:20:08.002878,low
247,a76e72de395b3ad3ea01b8dd4561ff96579897ad,2025-11-24T11:54:11.544076,mid
248,80705f58d0ee301751ec57bd16170af9b44b3259,2025-11-25T01:54:30.695134,low
249,247ca882047147361544315c28decf0819ecdc82,2025-02-04T22:01:48.672833,low
250,662a07ae557f7525d1b439eca742e2e158536a16,2025-06-04T06:27:04.167475,high
251,954bd90ce2970ed4482f60884b059a2666dbd91a,2025-08-30T01:33:52.763578,high
252,e2f23e46cf6c2e56c3cd49c903ce9326e4844147,2025-01-04T06:25:32.373493,low
253,b90283aaf9395d6b3a27654515af522056404c56,2025-08-18T01:38:23.945581,high
254,d8898932bf5c3e8390655c6dde6a200b025ef384,2024-12-11T05:32:59.214823,mid
255,292e9055ddb154e169167ee5f2597a9a369f8249,2025-10-30T08:01:05.907270,mid
256,f915d47b99a6967f4861c893ada83e864b1bc66d,2025-06-20T14:46:49.063233,mid
257,53c14bc4917e4b075a60639812a30fd86af19b16,2025-03-21T21:50:51.900606,mid
258,b83a883f35286787163f781ac0ca6bc3cedae2ba,2025-06-25T16:21:48.805503,low
259,916ccc0377e56d1276b6df74218aeb5f22929612,2025-11-21T21:02:26.177211,high
260,e79162573bf342e023be29a43a6e35c53dcd30d3,2025-03-02T15:59:52.690609,low
261,6bbd540f5b8ed2c034b33863668118399af1f7a1,2025-07-17T15:12:18.887546,low
262,7d187ba58f64372067672001d5af0a10d8778e13,2024-12-26T11:00:50.895333,low
263,535c8336a9c941520184abf65b8003fa6a5c2f08,2025-10-17T01:06:03.059362,mid
264,355507275f6c30ea05244c573406102ebd6dd969,2025-02-12T05:22:29.211341,mid
265,2b0cb4bb5b0482a4a949de62ecba861e95cee4fc,2025-07-25T09:25:32.485599,high
266,f5e5afb4659ba0baa3a78f233221d2d09545b515,2025-04-28T06:47:55.554319,low
267,918ff0ea411382eb4054f427a6c3ddfdecb41877,2025-07-13T12:18:50.487708,high
268,e56c770c42eba47f10b2261513637bb3eca11fdd,2025-10-25T21:24:49.943809,low
269,042061fcc7d2887cda8d63cbde87aaf38c40bdee,2025-07-05T06:04:40.152750,mid
270,fe294660e4505cb19a2cfcd298efb75ec4c30af0,2025-08-05T16:19:35.708244,low
271,ead604cfe26ef36310a8e0df656f8fbfe249ce76,2025-08-10T13:06:49.483414,low
272,b16d0ec1a7fc59820e6a1bc2c87180bbc72a01ea,2025-03-06T18:21:03.981167,high
273,a0fd12b0c0d0c65476a0fdc845bf181058bc785a,2024-12-27T06:20:40.372785,mid
274,db39e208ac20cafcc90d079bef1de866193d85f4,2025-04-11T12:47:45.485398,mid
275,5dd35ab36d7b5ab68432085e1df5903bdd66a4bd,2025-11-18T10:50:43.783442,low
276,d603dad023199fae607b4547b766a4e887036a7f,2025-05-04T21:31:50.333174,high
277,f5c455b0e06e2dc5cbb0f429a7498bb897a79a2d,2025-02-11T20:49:43.480494,low
278,0b42b14e8bff3938d53e7460dd8f39dd1cdd7859,2025-01-30T13:15:32.402618,mid
279,b095676f85fb5448b45b79f743a5f9eba18ec658,2025-05-17T11:03:03.208614,mid
280,860d689586ffaba5a6da5f5e1d8d0e4004a8085c,2025-04-04T01:32:52.224538,low
281,aa1d4e34e0da90f4b6b64b20d8db69e96bee2eef,2025-08-23T10:44:25.816101,high
282,97c885bc1f324e8fdf3eafe95d07902bdc0b8c7f,2025-09-23T03:11:16.086982,low
283,174a6a028684b8ce8f31c6830b2b1b068dc079f3,2025-05-11T23:12:08.823575,high
284,64273dcfdd8023bfd5baa2264bd29a12ca91d9f7,2025-07-13T14:07:16.125323,low
285,6df177ab62af98eceab00740033b934fddc36f45,2025-11-11T11:31:54.981915,mid
286,c937c4c376a0cec46f54ec80f421374bca8ab9b1,2025-05-04T02:58:23.768230,low
287,3a6396dc76325071489a7da95c6beb4d7ee75e40,2025-04-14T16:20:43.031167,high
288,2a98c50bf24e5b8ada55cd2d8747964a58f24401,2025-04-21T23:24:19.329077,low
289,36a608e60d7ee5a4a034ebdd8797551449662855,2025-03-21T20:37:14.890327,mid
290,bfb022240282163322fa59e510cc69daaa6881fd,2025-06-12T11:47:59.993228,mid
291,60072529db770f8c6e9763e739dfa1d032dbc9a2,2025-02-20T15:29:03.864594,mid
292,3ac8a9c109dd8f7204db58743ab035bc372e288a,2025-08-02T10:28:05.560864,low
293,2aea5f0fcbe98abe1f936b03f220a4b60011c5fd,2025-01-14T14:44:46.598742,low
294,ed2a0830b5a27859bacd1bae4b4807360eac6099,2025-01-18T07:19:06.833993,mid
295,5bcd2fb871430eb0951805a8d77489f1c61e9e13,2025-08-21T04:22:43.833749,mid
296,0779206c644f3c6c106995c5fe3520ff42e6c8b6,2025-11-15T19:24:09.165525,mid
297,72c9a7ec3d1f54b85b39a068cae027d1c48a40c0,2025-01-23T22:51:38.428347,low
298,f398d9f24f5f7529fa5ec7cd3c98ed325e6f8877,2025-07-28T10:40:37.875141,high
299,ba856277f2000b409bb2be5fa697d7720f9cdba3,2025-11-03T14:22:14.349384,mid
300,b6e9f4bcdf68151bbe8639bba16d2a469df6153a,2024-12-25T14:04:36.265665,mid
